{
  "13": 100,
  "14": 58.523487,
  "01": 57.609005,
  "02_c3_1a": 100,
  "02_c3_2a": 100,
  "02_c3_3a": 100,
  "02_snow": 100,
  "03": 96.74067,
  "03_snow": 100,
  "04": 100,
  "04_snow": 100,
  "05_c1_1": 100,
  "05_c1_2": 100,
  "05_c1_3": 100,
  "06_c2_1": 100,
  "06_c2_2": 100,
  "06_c2_3": 100,
  "07_c3_1a": 100,
  "07_c3_2a": 100,
  "07_c3_3a": 100,
  "08": 100,
  "08_snow": 100,
  "09_c4_1b": 100,
  "09_c4_2b": 100,
  "09_c4_3b": 100,
  "09_snow": 100,
  "10_c3_1b": 100,
  "10_c3_2b": 100,
  "10_c3_3b": 100,
  "10_snow": 100,
  "11_c3_1a": 100,
  "11_c3_2a": 100,
  "11_c3_3a": 100,
  "12_c4_1a": 100,
  "12_c4_2a": 100,
  "12_c4_3a": 100,
  "13_snow": 100,
  "14_snow": 58.69877,
  "okimono": 100,
  "summer": 100,
  "tv": 100
}