{
  "bg_sample_000": 57.609005,
  "bg_sample_001": 57.609005
}