{
  "10": 100,
  "12": 100,
  "01": 57.609005,
  "02": 100,
  "02_summer": 100,
  "03_c1_1": 100,
  "03_c1_2": 100,
  "03_c1_3": 100,
  "04": 57.589806,
  "05_c2_1": 100,
  "05_c2_2": 100,
  "05_c2_3": 100,
  "06_c3_1": 100,
  "06_c3_2": 100,
  "06_c3_3": 100,
  "07_c4_1": 100,
  "07_c4_1_summer": 100,
  "07_c4_2": 100,
  "07_c4_3": 100,
  "08": 100,
  "09": 94.926,
  "09_snow": 97.849976,
  "11_c1_1": 100,
  "11_c1_2": 100,
  "11_c1_3": 100,
  "12_snow": 100,
  "food": 100,
  "okimono": 100,
  "tv": 100
}