{
  "14": 100,
  "15": 73.616104,
  "16": 100,
  "01": 57.609005,
  "02": 100,
  "02_snow": 100,
  "02_summer": 100,
  "03": 100,
  "03_snow": 100,
  "04": 100,
  "04_snow": 100,
  "05": 100,
  "06": 100,
  "06_snow": 100,
  "07": 100,
  "08": 100,
  "08_snow": 100,
  "08_summer": 100,
  "09": 100,
  "10_c1_1": 100,
  "10_c1_2": 100,
  "10_c1_3": 100,
  "11_c2_1": 100,
  "11_c2_2": 100,
  "11_c2_3": 100,
  "12_c3_1": 100,
  "12_c3_2": 100,
  "12_c3_3": 100,
  "13_c4_1": 100,
  "13_c4_2": 100,
  "13_c4_3": 100,
  "13_snow": 100,
  "14_snow": 100,
  "15_snow": 76.190475,
  "15_summer": 73.61111,
  "16_snow": 89.43089,
  "okimono": 100,
  "tv": 100
}