{
  "10": 100,
  "12": 58.264584,
  "14": 86.065575,
  "01": 100,
  "01_winter": 100,
  "02": 57.609005,
  "03": 100,
  "03_snow": 100,
  "04": 100,
  "04_snow": 100,
  "05": 100,
  "06": 100,
  "06_snow": 100,
  "07": 83.90004,
  "07_snow": 100,
  "08_c1_1": 100,
  "08_c1_2": 100,
  "08_c1_3": 100,
  "08_snow": 100,
  "09_c2_1": 90.37037,
  "09_c2_2": 90.37037,
  "09_c2_3": 90.61947,
  "11_c3_1": 100,
  "11_c3_2": 100,
  "11_c3_3": 100,
  "12_snow": 100,
  "13_c4_1": 100,
  "13_c4_2": 100,
  "13_c4_3": 100,
  "14_snow": 74.55406,
  "okimono": 100,
  "summer": 100,
  "tv": 100
}