{
  "10": 100,
  "13": 100,
  "14": 100,
  "15": 100,
  "16": 100,
  "18": 100,
  "01": 57.609005,
  "01_snow": 59.24212,
  "03_c1_1": 58.79989,
  "03_c1_2": 58.79989,
  "03_c1_3": 58.79989,
  "04_c2_1": 90.539345,
  "04_c2_1_snow": 90.539345,
  "04_c2_1_winter": 90.539345,
  "04_c2_2": 90.539345,
  "04_c2_2_snow": 90.539345,
  "04_c2_2_winter": 90.539345,
  "04_c2_3": 90.539345,
  "04_c2_3_snow": 90.539345,
  "04_c2_3_winter": 90.539345,
  "05": 100,
  "05_snow": 100,
  "05_winter": 100,
  "06": 100,
  "06_snow": 100,
  "07": 100,
  "07_snow": 100,
  "07_winter": 100,
  "08": 100,
  "08_snow": 100,
  "08_winter": 100,
  "09_c1_1": 100,
  "09_c1_2": 100,
  "09_c1_3": 100,
  "10_snow": 100,
  "10_winter": 100,
  "11_c3_1": 100,
  "11_c3_2": 100,
  "11_c3_3": 100,
  "12_c4_1": 100,
  "12_c4_2": 100,
  "12_c4_3": 100,
  "14_snow": 100,
  "14_winter": 100,
  "16_snow": 100,
  "16_winter": 100,
  "17_c2_1": 76.73286,
  "17_c2_1_snow": 76.73286,
  "17_c2_1_winter": 76.73286,
  "17_c2_2": 76.73286,
  "17_c2_2_snow": 76.73286,
  "17_c2_2_winter": 76.73286,
  "17_c2_3": 76.73286,
  "17_c2_3_snow": 76.73286,
  "17_c2_3_winter": 76.73286,
  "18_snow": 100,
  "18_winter": 100,
  "okimono": 100,
  "summer": 100
}