{
  "01": 57.609005,
  "02_c1_1": 100,
  "02_c1_2": 100,
  "02_c1_3": 100,
  "03": 57.598038,
  "04_c2_1": 100,
  "04_c2_2": 100,
  "04_c2_3": 100,
  "05_c3_1": 100,
  "05_c3_2": 100,
  "05_c3_3": 100,
  "06_c4_1": 100,
  "06_c4_1_winter": 100,
  "06_c4_2": 100,
  "06_c4_3": 100,
  "07": 57.57932,
  "08": 100,
  "09": 100,
  "09_winter": 100,
  "food": 100,
  "okimono": 100
}