{
  "10": 100,
  "11": 100,
  "12": 57.584267,
  "01": 57.609005,
  "02_c1_1": 57.609005,
  "02_c1_2": 57.609005,
  "02_c1_3": 57.609005,
  "03": 57.55396,
  "04_c2_1": 100,
  "04_c2_2": 100,
  "04_c2_3": 100,
  "05_c3_1": 100,
  "05_c3_1_winter": 100,
  "05_c3_2": 100,
  "05_c3_2_winter": 100,
  "05_c3_3": 100,
  "05_c3_3_winter": 100,
  "06_c3_1": 100,
  "06_c3_2": 100,
  "06_c3_3": 100,
  "07_c4_1": 100,
  "07_c4_2": 100,
  "07_c4_3": 100,
  "08": 100,
  "09": 100,
  "11_winter": 100,
  "13_c3_1": 100,
  "13_c3_2": 100,
  "13_c3_3": 100,
  "okimono": 100,
  "summer": 100,
  "TV": 100,
  "winter": 100
}