{
  "11": 100,
  "12": 100,
  "13": 100,
  "14": 100,
  "15": 100,
  "01": 57.609005,
  "02_c1_1": 95.83528,
  "02_c1_2": 95.83528,
  "02_c1_3": 95.83528,
  "03": 100,
  "03_snow": 96.17911,
  "04": 100,
  "05_c2_1": 100,
  "05_c2_2": 100,
  "05_c2_3": 100,
  "06_c3_1": 100,
  "06_c3_2": 100,
  "06_c3_3": 100,
  "07": 100,
  "08": 100,
  "08_snow": 100,
  "09": 100,
  "09_snow": 100,
  "10_c4_1": 100,
  "10_c4_2": 100,
  "10_c4_3": 100,
  "10_snow": 100,
  "11_snow": 100,
  "14_snow": 100,
  "15_snow": 100,
  "food": 100,
  "okimono": 100,
  "summer": 100,
  "tv": 100
}