{
  "kabe_001": 84.06326,
  "kabe_002": 84.06326,
  "kabe_003": 84.06326,
  "kabe_004": 84.06326,
  "kabe_005": 84.06326,
  "kabe_006": 84.06326,
  "kabe_007": 84.06326,
  "kabe_008": 84.06326,
  "kabe_009": 84.06326,
  "kabe_010": 84.06326,
  "kabe_011": 84.06326,
  "kabe_012": 84.06326,
  "kabe_013": 84.06326,
  "kabe_014": 84.06326,
  "kabe_015": 84.06326,
  "kabe_016": 84.06326,
  "kabe_017": 84.06326,
  "kabe_018": 84.06326,
  "kabe_019": 84.06326,
  "kabe_020": 84.06326,
  "kabe_021": 84.06326,
  "kabe_022": 84.06326,
  "kabe_023": 84.06326,
  "kabe_024": 84.06326,
  "kabe_025": 84.06326,
  "kabe_026": 84.06326,
  "kabe_027": 84.06326
}