{
  "01": 57.609005,
  "02_c1_1": 100,
  "02_c1_2": 100,
  "02_c1_3": 100,
  "03": 82.48087,
  "04_c2_1": 98.48994,
  "04_c2_2": 98.48994,
  "04_c2_3": 98.48994,
  "05_c3_1": 100,
  "05_c3_2": 100,
  "05_c3_3": 100,
  "06_c4_1": 100,
  "06_c4_2": 100,
  "06_c4_3": 100,
  "07": 69.94535,
  "08": 100,
  "dog_1": 100,
  "dog_1_2": 100,
  "dog_1_3": 100,
  "dog_2": 100,
  "dog_2_2": 100,
  "dog_2_3": 100,
  "food": 100,
  "okimono": 100,
  "snow": 57.609005,
  "summer": 100,
  "winter": 100
}